U1,U2,Z,A,X,S,Y,I
1,1,0,1,-1.7131965248212546,0,-9999,1
0,1,1,0,-4.516378100193923,1,1,1
0,1,0,0,-3.7423872792872412,0,-9999,1
0,1,1,0,-3.3662940674307933,0,-9999,1
0,1,1,0,-4.658811482041579,1,1,1
0,1,0,0,-2.3057219514332354,0,-9999,1
0,0,1,0,0.13743617384382661,1,0,1
1,1,0,0,0.5490879297610406,0,-9999,1
1,0,0,0,4.487200370553132,1,0,1
0,0,1,0,0.5409944086812323,0,-9999,1
1,1,1,1,-2.832080542158826,1,0,1
1,0,0,1,4.228941024332305,0,-9999,1
0,1,1,0,-3.3376391569000763,0,-9999,1
1,0,1,0,2.8773917910213944,1,0,1
0,1,0,0,-4.266928882589923,1,1,1
1,0,1,0,3.6675038217221676,1,0,1
1,0,0,0,3.994158787395323,1,1,1
1,1,1,1,-0.7928007433991223,0,-9999,1
1,0,0,0,3.656974943617091,0,-9999,1
1,1,0,1,0.7465891839405304,1,0,1
0,1,1,0,-3.8564233853526426,1,0,1
1,0,1,0,4.8014724600585446,0,-9999,1
1,1,1,1,1.0905195812775261,1,1,1
1,0,0,1,5.957580810782395,1,0,1
0,0,0,0,1.2452689382571318,0,-9999,1
0,0,0,0,-1.3506233886349712,0,-9999,1
1,0,0,1,4.525113032025455,1,0,1
0,1,0,0,-6.221239158188789,0,-9999,1
0,0,1,0,-0.4863362034306464,1,0,1
1,0,1,0,3.7124590534006705,1,0,1
0,0,1,0,-0.13431997200631646,0,-9999,1
1,1,1,0,0.19598613155694225,0,-9999,1
0,1,0,0,-3.1703205384232085,1,0,1
0,1,0,0,-4.472938847271189,1,1,1
1,1,0,1,-0.7079042510964161,1,0,1
1,1,1,1,0.20458539765228598,0,-9999,1
0,0,0,0,-0.22079948649582673,1,0,1
0,0,0,0,-0.1405054659539356,0,-9999,1
0,1,1,0,-2.8305816952551845,0,-9999,1
1,0,0,0,3.7597499844823226,1,0,1
0,0,1,0,-0.017492296738712262,1,0,1
1,0,0,0,2.1282692871941755,1,1,1
1,0,1,1,2.1651850161789596,1,0,1
1,0,0,0,3.0185234150439713,1,0,1
0,1,1,0,-6.313833633576396,1,0,1
0,0,0,0,0.11224804722992057,1,0,1
0,1,0,1,-3.031254500634212,1,0,1
1,1,1,1,0.05264934904409323,1,0,1
0,0,0,0,0.6089368543406875,1,0,1
1,1,0,1,-0.909766559795127,1,0,1
1,1,1,0,1.414821576483195,1,1,1
1,1,0,1,-0.23692527178653888,1,0,1
1,1,0,0,1.3240343966462744,1,0,1
1,1,0,0,-0.6962648212076952,1,0,1
1,0,1,1,6.025162635179251,1,0,1
1,0,0,0,3.920112544672356,0,-9999,1
0,1,0,0,-4.2810142600474865,0,-9999,1
1,0,1,0,5.930943355043903,1,0,1
0,0,1,0,0.020584815462969395,1,0,1
0,0,1,0,-1.567519909526272,1,0,1
0,0,1,0,0.7165532304391263,1,0,1
1,1,0,1,1.4828842501416606,1,0,1
0,1,0,0,-1.8544883185762844,0,-9999,1
0,1,1,0,-5.26372558260188,0,-9999,1
0,1,1,0,-3.8056380566964174,0,-9999,1
0,0,1,0,-0.5762794069042251,1,0,1
1,1,0,1,-0.31810222269583627,0,-9999,1
1,1,0,0,-1.5803838166407118,0,-9999,1
0,0,1,0,-0.5795004398451729,0,-9999,1
1,1,0,1,-0.9308600556147207,1,0,1
0,1,0,0,-4.231304673711727,0,-9999,1
0,1,1,0,-4.154233662325193,1,1,1
0,1,0,0,-4.540186287135811,1,0,1
0,0,0,0,0.04785412408425845,1,0,1
0,0,0,1,-0.38969006904099857,0,-9999,1
1,0,1,0,4.740160110734818,1,0,1
0,0,1,0,2.0081893636003594,1,0,1
0,1,1,0,-5.089737339198853,0,-9999,1
1,0,0,0,4.824038874084575,0,-9999,1
1,1,1,0,0.49158022623886183,0,-9999,1
0,0,0,0,-0.06452271031109337,0,-9999,1
1,0,0,0,3.32294302217019,1,1,1
0,1,1,0,-1.7096522989018021,0,-9999,1
0,1,1,0,-4.462848094565552,0,-9999,1
1,0,1,0,1.7685761982940011,0,-9999,1
0,1,1,0,-3.0009115135001516,1,1,1
0,1,0,0,-3.9293518702221837,1,0,1
0,1,1,1,-4.657959500964621,1,0,1
1,1,0,1,-1.1159868313362882,0,-9999,1
0,1,0,0,-4.223280266123821,0,-9999,1
1,0,1,0,3.7805737693147483,1,0,1
1,0,0,0,4.587932048777955,1,0,1
1,0,1,1,4.468628941673029,1,0,1
0,1,0,0,-4.693577029579613,0,-9999,1
0,1,1,0,-4.435747568529501,0,-9999,1
1,0,1,0,4.389057149439845,0,-9999,1
0,1,1,0,-3.1002552458645978,0,-9999,1
0,0,1,1,-0.2731530432914774,1,0,1
1,1,1,0,0.7788255619754373,0,-9999,1
1,1,0,0,0.021270171292711356,0,-9999,1
0,1,1,0,-4.824610291408731,0,-9999,1
1,0,0,0,5.2547406336012585,0,-9999,1
0,0,1,0,-0.04711413096546972,0,-9999,1
0,0,0,0,-0.27739614992554873,0,-9999,1
1,0,0,0,3.356846951333118,1,1,1
0,0,1,0,-0.4496910986548748,0,-9999,1
1,1,0,0,-1.0016439080770296,1,0,1
0,0,1,0,-0.6979113757211753,1,0,1
0,0,1,0,2.4258610474145974,0,-9999,1
1,1,0,0,0.9147455768181116,0,-9999,1
0,1,0,0,-2.712814195546204,0,-9999,1
0,0,0,0,0.4537741436920141,1,0,1
1,1,1,0,-0.8644210797441982,1,0,1
0,1,1,0,-5.045356533134833,0,-9999,1
0,1,1,0,-4.10373218378131,0,-9999,1
1,0,0,0,3.8456761310504337,1,0,1
0,0,0,0,0.678882345057594,0,-9999,1
0,0,0,0,0.09378276394138729,1,1,1
0,1,1,1,-4.091512704599061,0,-9999,1
1,0,0,0,3.8892831239635406,1,1,1
0,0,1,1,-2.220728738011872,0,-9999,1
1,0,0,0,4.841580131599536,1,0,1
0,1,0,0,-4.7683978862364365,0,-9999,1
1,1,1,1,-0.04963096782758173,1,0,1
0,0,0,0,0.34298386608572007,1,0,1
1,1,1,1,1.5441510156185418,0,-9999,1
1,0,0,0,3.3549021565443033,1,0,1
1,1,0,0,0.9721334819319427,0,-9999,1
0,1,0,0,-3.1902650830281454,0,-9999,1
1,1,1,1,0.08757339519810675,0,-9999,1
0,1,0,0,-3.2587140368420373,0,-9999,1
1,0,1,0,4.4874088076558465,1,1,1
1,0,0,0,4.707881039640117,1,0,1
1,0,1,0,5.9642008192031435,1,0,1
0,0,1,0,0.31752941217289465,0,-9999,1
1,0,1,1,2.1540358646800812,1,0,1
1,0,1,0,5.27614511554211,1,0,1
0,0,0,0,0.7920779376905768,1,0,1
0,0,1,0,0.4273562287873902,1,0,1
0,1,0,0,-2.3986673691786686,1,0,1
0,1,1,0,-4.6269286121491655,1,0,1
1,0,0,0,2.6299656813617167,1,0,1
0,0,0,1,1.0286580848346163,0,-9999,1
0,0,0,0,-0.43884708332607,0,-9999,1
1,1,1,1,-0.6428529591293897,0,-9999,1
0,0,1,0,0.45189311657011305,1,1,1
1,1,1,1,1.7350462627803391,1,1,1
0,1,0,0,-4.089389042200543,0,-9999,1
1,0,1,0,3.3828480320275696,0,-9999,1
1,1,1,1,-1.650092136793156,1,0,1
0,0,1,0,-0.32221766821379294,0,-9999,1
0,1,1,0,-3.7159805241955377,0,-9999,1
0,1,1,0,-4.147857273270388,1,1,1
1,0,0,1,4.59748897240159,1,0,1
0,0,1,0,-0.7969135264209435,1,1,1
1,1,0,0,0.12797517159287572,0,-9999,1
0,1,0,0,-4.804864795242136,0,-9999,1
1,1,0,0,0.7222827274271277,0,-9999,1
1,0,0,0,4.105577045481992,0,-9999,1
0,0,0,0,0.06394748154395768,1,0,1
1,1,1,1,-1.0869799521471668,1,1,1
1,0,0,0,4.3281410075616655,1,0,1
1,1,0,0,0.2071512960457224,0,-9999,1
1,1,1,1,-0.9388225593434543,0,-9999,1
1,1,1,1,0.3933731505700801,1,1,1
0,0,1,0,0.6074314177462727,1,0,1
1,1,0,0,-1.4774040432125304,0,-9999,1
0,1,0,0,-5.158563102817525,0,-9999,1
1,0,1,1,4.910870978115653,1,0,1
0,1,1,1,-2.7395788478265097,1,0,1
1,1,1,1,-0.6257964251354944,0,-9999,1
0,0,0,0,-0.5862164556601057,1,0,1
1,0,1,0,4.536556190349556,0,-9999,1
1,0,1,0,3.3656219743857934,1,0,1
0,1,0,0,-4.52115593296292,0,-9999,1
1,1,0,0,1.3140882146287625,1,0,1
1,0,0,0,4.342316038695903,1,1,1
0,0,1,1,-1.5637906596982283,1,0,1
1,1,0,0,-0.6464537389639191,1,0,1
0,1,0,0,-3.802906839794276,0,-9999,1
0,0,1,0,-1.2222082430519376,0,-9999,1
1,0,1,0,4.194346824845048,1,0,1
1,1,0,1,0.3564999786977814,1,0,1
0,0,0,0,-0.6158248447357122,0,-9999,1
1,0,1,0,4.37787198549045,1,0,1
1,0,0,1,2.6552094512835804,1,0,1
1,0,0,0,2.1743511295089304,0,-9999,1
1,0,1,0,2.9007155701790586,1,0,1
1,1,0,0,-0.18176526312384375,1,1,1
1,0,1,1,3.1500690441764916,0,-9999,1
0,1,0,0,-4.6069781971574875,0,-9999,1
1,1,0,1,-0.5500003256037402,0,-9999,1
0,1,0,0,-4.36686252594113,0,-9999,1
1,1,1,1,1.3734548255261245,1,0,1
1,1,1,0,2.3620457658881153,1,0,1
1,0,1,1,6.1112837922811725,1,0,1
0,1,0,0,-3.719967341466777,0,-9999,1
0,1,1,0,-5.466995999216877,0,-9999,1
1,0,1,0,3.1065417932276205,1,0,1
1,1,1,0,0.2682305267655773,1,0,1
1,1,0,0,-2.6188055884819903,1,0,1
0,1,1,0,-3.5585601359592967,0,-9999,1
0,1,0,0,-4.521697841253948,0,-9999,1
0,1,0,0,-3.3129226114100643,0,-9999,1
1,0,0,0,3.2490788000133497,1,0,1
0,1,1,0,-3.260425896511133,0,-9999,1
1,1,1,1,-0.2595737230522027,0,-9999,1
0,0,0,0,1.2230490889643564,1,0,1
0,0,0,0,0.5583271810296649,1,0,1
1,0,0,1,4.340129730890238,1,0,1
0,1,1,0,-2.884035405230826,0,-9999,1
1,0,0,1,2.8896467899787996,0,-9999,1
1,1,1,0,-0.3448683753185787,1,0,1
1,1,1,0,-0.22884794069327702,0,-9999,1
1,1,0,0,-0.03228676944754164,0,-9999,1
1,0,1,0,3.2107671705948504,0,-9999,1
1,0,1,0,4.641918752935712,1,0,1
1,0,1,1,5.486105929866885,1,0,1
1,0,1,1,3.3891699238967523,0,-9999,1
0,1,1,0,-3.8064395653965772,0,-9999,1
0,0,0,0,-1.8037437465353183,0,-9999,1
0,0,0,0,0.23123473802987635,0,-9999,1
1,0,0,0,5.462191506205972,0,-9999,1
0,0,0,0,-0.8581690516282942,0,-9999,1
1,1,0,0,0.532685786287008,0,-9999,1
1,1,1,0,-0.6354687802750948,0,-9999,1
0,1,1,0,-5.019485383559253,0,-9999,1
0,0,0,0,-1.0241401991842332,0,-9999,1
1,1,1,0,1.293254280230959,1,1,1
0,1,0,0,-4.999918199011915,0,-9999,1
1,0,0,1,4.245666629976144,1,0,1
1,1,0,1,0.6687394045350104,1,0,1
0,0,1,0,-0.3608353289761442,0,-9999,1
0,0,1,0,-0.7510688813088118,0,-9999,1
1,0,1,1,4.542530042231623,1,0,1
0,1,0,0,-2.634579633913347,0,-9999,1
1,0,0,1,2.229255111807607,1,0,1
0,1,0,0,-4.15238181443288,0,-9999,1
1,0,0,1,3.610741635826299,1,0,1
0,1,1,0,-5.674940317584079,0,-9999,1
0,0,1,0,-1.3893355310145346,1,0,1
1,0,1,1,2.5542652171359403,0,-9999,1
1,0,1,0,3.5586743461320096,1,0,1
1,1,0,0,-0.11295453008197028,0,-9999,1
0,1,1,0,-3.0895769974912533,0,-9999,1
1,0,0,0,4.10839974454081,1,0,1
0,1,0,0,-4.162536321086363,0,-9999,1
1,0,1,0,4.094384934205757,1,0,1
0,0,0,0,0.191836694733578,0,-9999,1
1,0,0,1,4.441883850880122,1,0,1
1,1,1,1,-0.8186795566940195,0,-9999,1
0,0,1,0,0.11747038074717751,0,-9999,1
0,0,1,0,-0.9802999750632019,0,-9999,1
0,0,1,1,-0.706624005867372,1,1,1
1,0,0,0,3.6776312490401604,1,0,1
0,0,1,0,-0.7123852296397692,0,-9999,1
1,0,1,0,3.474132718462561,1,0,1
1,0,1,0,4.339473458207245,0,-9999,1
1,1,0,0,1.3046695861897972,1,0,1
1,0,1,0,3.4482505182862013,1,0,1
1,0,1,1,4.842421446913636,0,-9999,1
0,0,1,0,0.6700130553467311,1,0,1
1,0,0,0,4.162015783540505,1,0,1
1,1,0,0,1.0672092222544307,0,-9999,1
1,0,1,0,4.115463762273018,0,-9999,1
1,0,1,1,3.028744230137084,1,0,1
0,0,0,0,-0.10574910855276994,1,0,1
1,1,0,0,-1.4263997382234919,0,-9999,1
1,0,0,0,5.143571114617732,0,-9999,1
0,1,0,0,-2.4529754848768563,0,-9999,1
1,1,1,1,1.3905176990075976,0,-9999,1
0,0,0,0,0.9198601283466556,0,-9999,1
1,1,1,0,0.1422929085530377,0,-9999,1
0,0,1,1,1.680579693854196,1,1,1
0,0,1,0,0.427806440835286,1,0,1
0,0,1,0,-0.05264166798157327,0,-9999,1
0,1,1,1,-3.7513381661629186,1,1,1
0,0,0,0,-0.35556695774791075,1,1,1
0,0,0,0,-1.1021786081785516,0,-9999,1
0,0,0,0,0.2733145329968824,0,-9999,1
1,0,0,1,3.094578233627652,1,0,1
0,1,1,0,-3.2151850151117776,1,1,1
0,1,1,0,-4.8439654357789,0,-9999,1
1,1,0,1,0.23944905044667084,0,-9999,1
0,0,0,0,-0.5455210532928634,1,0,1
0,0,1,1,1.082561923011298,1,0,1
1,1,1,0,-0.7813857206294845,0,-9999,1
0,1,0,0,-2.871963639713192,0,-9999,1
0,1,0,0,-4.2343879763647605,1,1,1
1,1,1,1,0.3421103453682445,0,-9999,1
1,0,1,0,4.143502241670065,1,0,1
0,0,1,0,-1.9823094554404956,1,1,1
1,0,1,1,4.877994408162309,0,-9999,1
0,0,0,0,-0.4852653885400871,0,-9999,1
1,1,0,0,0.7387749204344266,1,0,1
1,1,1,0,-0.33840185272349155,1,0,1
0,1,0,0,-4.295549712762068,0,-9999,1
1,0,0,1,5.0840284339868305,1,0,1
1,1,0,0,-0.42489652159003966,1,0,1
0,0,0,0,1.7082110298930178,1,0,1
1,1,0,0,0.5612595302981526,0,-9999,1
0,1,1,0,-4.516133289907866,1,1,1
0,0,0,1,0.6753198410316313,0,-9999,1
1,0,1,1,2.136497373323059,1,0,1
0,1,0,0,-3.0536731683728764,1,0,1
0,1,1,0,-3.961032428228534,0,-9999,1
1,1,1,1,-1.0469200301216968,0,-9999,1
0,0,1,0,-0.8350465237488934,1,0,1
1,0,0,0,3.755775272295115,0,-9999,1
1,1,1,0,-0.6421873216369667,0,-9999,1
1,0,0,0,3.693896652004739,1,0,1
1,0,1,0,3.146500140275996,0,-9999,1
1,1,0,0,-1.1110692948864702,0,-9999,1
1,1,1,1,-0.9172710471543954,0,-9999,1
0,1,1,1,-3.2227753545458118,0,-9999,1
0,0,0,0,0.6276663551304505,0,-9999,1
1,1,1,0,-0.4663084657002321,0,-9999,1
1,0,1,1,3.7714537088874667,1,0,1
1,0,1,1,4.740997761211496,1,0,1
1,1,1,0,0.9703979942090996,1,1,1
1,1,0,1,-0.25628999055213364,0,-9999,1
0,1,1,1,-4.055174188505347,0,-9999,1
0,1,1,0,-4.138368685938088,0,-9999,1
0,1,1,0,-4.177196254916511,0,-9999,1
1,1,0,0,0.8816104525244063,0,-9999,1
1,0,0,0,4.0164496357592645,0,-9999,1
1,0,1,0,4.785812199979825,1,0,1
1,1,0,1,0.93235473499562,0,-9999,1
1,1,1,0,1.5445339080916034,0,-9999,1
0,0,0,0,-0.8346266048572295,0,-9999,1
0,1,0,0,-3.6639836213901247,1,0,1
1,1,0,1,-0.12298288921604379,1,1,1
0,1,1,0,-4.989564405262219,1,0,1
1,1,1,0,-0.6202758331987265,1,0,1
1,1,0,1,1.6629555030473813,1,0,1
0,1,1,0,-2.6178437353888806,1,1,1
1,1,0,0,-0.22894623719743662,0,-9999,1
1,0,1,0,2.6945971222794842,0,-9999,1
0,0,1,0,-0.7159192422922146,0,-9999,1
1,0,0,0,3.4171712400606284,1,1,1
1,1,0,1,0.2646868986650395,1,0,1
0,0,0,0,0.19999806512161838,0,-9999,1
0,0,0,0,0.6090880931150712,0,-9999,1
0,1,0,0,-5.118565110424834,0,-9999,1
0,1,0,0,-2.4722757188459763,0,-9999,1
0,0,1,0,0.1283783893196474,1,0,1
1,1,1,1,1.5565317942677857,1,0,1
0,1,0,0,-3.552208791928568,0,-9999,1
0,0,1,1,0.035456917623187485,1,0,1
0,0,0,0,0.05631760152321429,1,0,1
1,1,0,0,0.33742004300370115,1,0,1
1,0,1,0,1.8100134208858893,1,0,1
0,0,0,0,-0.3261508179013329,1,0,1
1,0,0,0,5.0748358802053914,0,-9999,1
1,0,0,0,4.906253116316435,1,0,1
0,0,1,0,-0.17367618945204602,0,-9999,1
1,1,1,0,0.7277809332593332,0,-9999,1
0,1,0,0,-4.823399154811646,0,-9999,1
1,0,1,1,4.987764501486396,1,0,1
0,0,0,0,-0.6621900756791687,1,0,1
0,1,1,1,-5.518839776773532,0,-9999,1
0,1,1,0,-4.246905386091881,0,-9999,1
1,1,0,0,0.12741156816190669,1,0,1
0,0,1,0,1.1995606444766618,0,-9999,1
1,0,0,0,3.509647906560462,0,-9999,1
0,0,0,0,-0.33309635748937577,0,-9999,1
0,0,1,0,1.4166284744916817,0,-9999,1
1,1,1,1,3.2445353140185844,1,0,1
0,1,1,0,-3.641055857769355,1,0,1
1,1,1,0,-0.11886044347121955,1,0,1
1,0,1,1,3.2658021279600136,1,0,1
0,1,1,0,-4.799529081136057,1,1,1
1,0,1,0,6.6369615611477535,1,0,1
1,0,0,0,2.2613107768269627,1,0,1
1,0,0,0,5.057712902736139,1,0,1
0,0,0,0,0.7647182574577555,0,-9999,1
0,1,1,0,-4.135633704937219,0,-9999,1
1,0,0,0,2.4885620187903283,0,-9999,1
0,1,1,1,-2.603654374451254,0,-9999,1
1,0,1,0,3.0413462551192736,0,-9999,1
0,0,0,0,-1.1330194212322988,1,0,1
1,1,0,0,1.7493022273833627,1,0,1
0,0,0,0,-1.0247556881749322,0,-9999,1
0,1,0,0,-3.9763579497870425,1,0,1
1,1,1,0,0.28620585576382146,1,0,1
0,0,1,0,-0.010321224038213084,0,-9999,1
1,0,0,0,5.713662905051226,1,1,1
1,1,0,0,-1.5606727439733155,0,-9999,1
1,0,0,0,3.765638522550036,0,-9999,1
1,0,0,1,4.078136626614464,1,0,1
1,0,1,1,5.409472899163722,1,0,1
0,1,1,1,-5.372127879752923,0,-9999,1
0,1,1,1,-3.947978908230307,0,-9999,1
0,0,1,1,1.9308833329831216,0,-9999,1
1,0,0,0,4.013656554270795,0,-9999,1
1,0,1,0,3.158907782434588,0,-9999,1
1,0,1,1,5.001922276347829,1,0,1
0,0,1,0,0.38237083705453945,1,1,1
0,0,0,0,0.15265629909325995,0,-9999,1
0,1,1,1,-5.715485295041438,0,-9999,1
1,0,0,0,3.222327572931996,1,1,1
1,1,1,1,0.400100752292286,0,-9999,1
0,0,0,0,0.25183906334117,0,-9999,1
0,0,0,0,1.8982571955954366,1,0,1
0,1,0,0,-4.717346273224148,1,1,1
0,0,0,0,2.0013536119547473,1,0,1
0,0,1,0,-0.7911040492107769,0,-9999,1
1,1,1,0,0.2945969178685757,0,-9999,1
0,0,0,0,-1.2828647683815584,0,-9999,1
0,0,1,0,0.7757114651384189,1,0,1
1,1,0,0,1.1201932598449573,0,-9999,1
0,1,1,0,-4.303161266463211,1,1,1
1,1,1,1,-0.614523572702154,1,0,1
0,0,0,0,0.9668546437722295,0,-9999,1
1,1,1,0,-1.173250812216639,1,0,1
1,0,0,0,3.5157755181250483,1,0,1
1,1,0,1,-0.6070714421867461,1,0,1
0,1,0,0,-4.350844411168234,0,-9999,1
1,0,1,1,5.49797096983752,1,0,1
1,1,0,0,0.391962820844096,0,-9999,1
0,0,0,0,0.24599097101845935,1,1,1
1,0,0,0,4.1367405244138,1,0,1
0,0,0,0,-0.20093388158950704,1,0,1
0,0,1,0,0.11793223151208808,1,0,1
1,0,0,1,4.286950892684254,1,0,1
0,0,0,0,1.1211199012830368,1,0,1
0,0,0,0,2.226432909420772,1,0,1
0,0,1,0,2.369868320964403,0,-9999,1
0,1,1,0,-3.679861903630404,0,-9999,1
0,1,0,0,-3.8899188870785015,0,-9999,1
1,0,0,1,1.7917974656324138,1,0,1
1,0,1,0,4.357578090848064,1,1,1
0,1,1,1,-3.8878442050308943,0,-9999,1
0,0,0,0,1.2846113261497887,0,-9999,1
0,0,1,0,-0.40971949070014607,0,-9999,1
0,1,0,0,-3.4238092492999095,0,-9999,1
1,0,0,0,4.041433945497721,1,0,1
1,1,0,1,-0.9114576757523228,1,0,1
1,1,1,0,1.2423626379623702,1,0,1
0,1,0,1,-4.906107038191556,0,-9999,1
1,0,1,0,2.9273561615035506,0,-9999,1
1,1,0,0,-0.2061284948372182,1,1,1
0,1,1,0,-4.973311789378686,0,-9999,1
1,1,1,0,0.8991409810319486,0,-9999,1
0,1,0,0,-3.2832727156143413,0,-9999,1
1,1,0,0,0.5519748422726123,1,1,1
1,0,0,1,4.706840194023445,0,-9999,1
0,1,0,0,-4.5576524118954165,0,-9999,1
0,1,1,0,-3.8599224884833587,0,-9999,1
1,0,1,1,3.0940045113714927,1,0,1
1,0,0,1,3.0973305545236576,0,-9999,1
1,1,0,0,-0.02457624265527053,0,-9999,1
1,1,1,0,0.494345426894797,0,-9999,1
1,0,1,1,4.0910660615756775,0,-9999,1
0,1,0,0,-5.0980097967904054,0,-9999,1
1,1,1,0,0.9191243080124808,1,1,1
1,0,0,1,3.624461423740642,1,0,1
0,1,0,1,-4.498469950406404,0,-9999,1
0,0,0,1,-0.3263810306833952,1,0,1
0,1,0,0,-4.8672662443935,0,-9999,1
0,0,1,0,-2.0060730037148553,0,-9999,1
0,1,1,0,-2.8898887666113855,1,0,1
0,0,0,0,-0.26559740272483096,1,1,1
1,0,1,1,4.261414863628194,1,0,1
0,1,1,0,-4.166763782401158,0,-9999,1
0,1,1,0,-4.736292678876387,0,-9999,1
1,1,1,1,1.8348920063012306,0,-9999,1
1,0,1,0,3.9001474388804476,1,0,1
0,0,0,0,-0.80118154820242,0,-9999,1
0,0,0,0,-0.2987589272378593,0,-9999,1
1,0,0,1,5.375769791885024,1,0,1
0,1,0,0,-5.00856616825827,1,0,1
1,1,0,0,-0.6267357652310431,0,-9999,1
0,1,1,0,-4.994320139847663,0,-9999,1
1,0,1,0,4.055920465751969,1,1,1
1,0,0,0,2.1119035301655127,0,-9999,1
1,1,0,0,-1.420193597336683,0,-9999,1
1,0,1,0,3.5072427179418737,0,-9999,1
1,1,1,0,1.2756578929677402,0,-9999,1
1,0,1,0,4.386809907103746,1,0,1
1,1,1,0,0.40256547434387174,0,-9999,1
1,0,0,0,2.8675422941880013,1,0,1
1,0,1,0,4.2339122127558735,0,-9999,1
0,0,1,0,-1.3405252985120784,0,-9999,1
1,0,1,0,4.442785124892955,1,0,1
0,0,0,0,2.7382508491445976,0,-9999,1
1,1,1,0,0.1377788324963391,0,-9999,1
0,1,0,0,-4.034489989936645,1,0,1
1,0,1,0,3.1146200548274146,0,-9999,1
0,1,0,0,-3.868990143811088,0,-9999,1
0,0,1,0,0.0828835944671433,1,0,1
0,0,1,0,0.3429266463222658,0,-9999,1
0,0,1,0,2.0185197589730337,0,-9999,1
1,0,1,0,3.9101486973581543,1,0,1
1,0,0,0,2.2300871672236076,1,0,1
1,1,1,1,-1.7261138536280471,1,0,1
1,1,0,0,0.03155590474476978,1,0,1
0,1,1,0,-5.9367635927939855,0,-9999,1
0,0,0,1,2.1131990267055394,1,0,1
0,1,1,0,-5.9127306381133575,0,-9999,1
1,0,0,0,3.7840792289525083,1,1,1
0,1,0,0,-5.31646952021487,0,-9999,1
0,0,0,0,-0.41445365091735886,0,-9999,1
1,1,1,1,-0.7565025750868546,1,0,1
1,0,1,1,2.4596909889044434,1,0,1
1,1,1,0,0.03883162500822308,0,-9999,1
1,1,1,0,1.0329597900821257,1,1,1
1,1,1,1,-0.09173714374669018,1,1,1
0,1,0,0,-3.606741694294466,0,-9999,1
0,0,0,0,2.3329733859596105,1,0,1
1,0,1,0,6.535524856107747,1,0,1
1,1,0,1,-0.9873822115106322,0,-9999,1
1,1,0,0,-0.022850236114962598,0,-9999,1
1,1,0,0,-0.29253085805930157,0,-9999,1
0,0,0,0,-0.31913060183279246,1,0,1
1,1,1,1,1.15054741263456,0,-9999,1
1,0,1,0,3.6792750420613354,1,0,1
1,1,0,0,0.10054569570037686,1,1,1
0,0,0,0,-2.1935974346174145,0,-9999,1
1,0,0,0,3.7643231262146766,1,0,1
1,0,0,1,2.9774322012306476,1,0,1
0,0,0,0,0.988892214355798,0,-9999,1
0,0,0,0,-0.5727954119379317,0,-9999,1
0,1,1,0,-6.170992899635214,0,-9999,1
0,1,0,0,-3.3281960821945415,1,0,1
0,0,1,0,-1.2442825464236333,1,0,1
1,1,1,0,-0.6393321772272055,0,-9999,1
0,0,1,0,-1.562315292143704,0,-9999,1
1,1,1,1,0.5120503011471855,0,-9999,1
1,0,0,0,4.219601602255067,1,0,1
1,1,0,0,0.37762231241272115,1,0,1
0,1,1,0,-4.194285212203998,1,0,1
1,0,0,0,4.074158447414217,1,0,1
0,1,1,1,-4.976264510906508,0,-9999,1
0,1,1,0,-3.2551975148172616,0,-9999,1
1,1,1,0,1.0523354047434275,1,1,1
0,1,1,1,-4.151965576367267,0,-9999,1
0,1,0,0,-5.4151801906106325,0,-9999,1
1,0,1,0,3.015268699442531,0,-9999,1
1,0,0,0,6.7489373860379915,1,0,1
0,0,1,1,2.4189342647307863,1,0,1
0,0,1,0,0.15236731037294252,1,0,1
1,0,1,1,3.8856632524594255,1,0,1
1,1,0,1,-0.018917673163267843,0,-9999,1
0,0,0,0,0.718927893380991,0,-9999,1
0,1,1,0,-5.024368325382312,0,-9999,1
0,0,1,0,-1.3470772740576018,0,-9999,1
1,0,1,1,3.3175338197574487,0,-9999,1
1,1,0,0,0.43915241873146277,1,0,1
0,1,1,0,-3.728758011440583,0,-9999,1
0,0,1,1,0.2395521199613758,0,-9999,1
0,0,0,0,-0.2218596369604704,1,0,1
0,1,1,0,-3.2270620566292254,1,1,1
1,0,1,0,5.61006573549567,1,0,1
0,1,1,0,-2.7012151593424423,0,-9999,1
1,0,1,1,4.797394228957557,1,0,1
1,0,0,0,5.52249377757982,1,0,1
0,1,1,0,-5.014711968248583,0,-9999,1
1,0,0,1,3.99833505851581,1,0,1
1,1,0,0,0.39180386306114934,1,1,1
1,0,0,0,6.086630453703669,1,0,1
1,1,1,0,-0.10560539888304415,0,-9999,1
0,0,0,0,-1.4852542856818296,1,0,1
1,1,1,1,-0.41601859017190396,0,-9999,1
1,1,1,0,0.3289042281645666,1,0,1
0,0,1,0,-0.002189385967922986,0,-9999,1
0,0,0,0,-0.7168963853539606,0,-9999,1
1,0,1,0,1.9325837483547916,1,0,1
0,0,1,0,0.7414076262614765,0,-9999,1
1,1,1,0,-1.4542270596349804,1,0,1
1,1,1,0,0.9597874945164349,1,0,1
1,0,0,0,3.909109491979993,1,0,1
0,0,1,0,-0.5060292014003904,1,0,1
0,0,0,0,-1.867127966006819,0,-9999,1
1,1,0,1,0.8209029581541162,1,0,1
1,0,1,0,3.1051717070431653,1,0,1
1,0,0,0,3.099887838687157,1,0,1
0,1,1,0,-4.347580628272167,1,1,1
1,1,0,0,-1.813199091030055,0,-9999,1
0,1,1,0,-3.3243119646719803,0,-9999,1
0,0,0,0,-1.1217814531181671,0,-9999,1
1,1,1,1,0.3776349849649614,0,-9999,1
0,1,1,1,-3.293455285268233,0,-9999,1
1,0,1,1,3.2820799868004107,1,0,1
0,1,1,0,-3.1087811569568924,0,-9999,1
0,0,0,0,-0.8719432694407401,0,-9999,1
0,1,1,0,-4.955254628341408,0,-9999,1
1,1,0,0,-1.2600875709196184,1,0,1
0,1,0,0,-3.1530744745873207,0,-9999,1
1,0,1,1,3.1772364672978703,1,0,1
1,0,1,0,3.4730113840345505,1,0,1
0,1,0,0,-2.770522855944466,1,1,1
1,0,0,1,3.962525885723309,1,0,1
0,0,0,0,-1.4195858327692799,1,0,1
0,0,0,0,-0.3972263231673061,0,-9999,1
0,0,1,0,-0.19591750860466414,0,-9999,1
0,0,0,0,-0.8483301291245093,0,-9999,1
1,1,1,0,0.07760707164860732,0,-9999,1
1,0,0,1,3.9141892401383203,0,-9999,1
1,1,1,1,0.7171737135176677,1,1,1
1,1,1,0,0.5411065464464645,0,-9999,1
1,1,0,0,-1.3138232480954535,1,0,1
1,1,0,0,-0.03836246014965294,1,1,1
0,0,1,0,-0.24986456185946473,0,-9999,1
1,1,0,0,0.7689099917356699,0,-9999,1
1,1,0,1,-0.6273136356523472,1,0,1
1,0,1,0,5.959585439422791,1,1,1
1,0,0,0,3.8939845085112736,1,0,1
0,1,1,0,-4.7549971059493,0,-9999,1
0,0,1,0,-0.2526193620633129,0,-9999,1
0,0,0,0,-0.624200686371871,0,-9999,1
0,1,1,0,-4.816430860600302,0,-9999,1
0,1,1,0,-5.395113813352771,0,-9999,1
0,0,0,0,1.1373651226093529,1,0,1
1,1,1,1,-0.028126347971628062,0,-9999,1
0,0,1,1,-0.6044668329939006,0,-9999,1
0,1,0,0,-4.17153822194315,0,-9999,1
1,0,0,1,3.4693720434244857,1,0,1
0,1,1,1,-3.3920879206440655,1,0,1
1,0,1,1,4.912433831928596,0,-9999,1
1,0,1,0,2.675605267498173,0,-9999,1
1,1,0,0,0.28569795770258216,0,-9999,1
0,1,0,0,-2.5061198125391284,1,0,1
1,0,1,0,2.275567685404739,0,-9999,1
0,0,0,0,0.3957621318436914,0,-9999,1
0,0,1,0,-0.9068427812691165,1,1,1
1,0,1,0,4.416761561421337,1,0,1
1,1,0,0,0.6517968572082277,1,0,1
1,0,0,1,4.178870255217427,1,0,1
1,0,0,1,2.6195235744082863,1,0,1
1,0,1,0,4.450909460969465,1,0,1
1,0,1,1,3.889845403392017,1,0,1
1,1,1,1,1.2415818483551617,1,1,1
1,0,1,1,5.459029580153984,0,-9999,1
1,0,1,1,3.7287535920993835,1,0,1
1,0,1,0,4.075794802707527,1,0,1
1,1,1,1,-1.0965245561883108,0,-9999,1
1,1,0,0,-0.8212229710866512,0,-9999,1
0,1,1,0,-4.064072805117915,0,-9999,1
0,0,0,1,1.6579183151970474,0,-9999,1
0,0,1,0,-0.29047945462162,0,-9999,1
1,0,0,0,4.063105816821195,0,-9999,1
1,0,1,0,3.222612695497155,1,1,1
0,1,0,0,-2.7449994333214223,1,0,1
0,0,0,0,0.7312774846884919,0,-9999,1
1,0,1,0,3.541634374060064,1,1,1
1,0,1,0,4.967123986098279,0,-9999,1
0,1,0,0,-2.523637205775472,0,-9999,1
1,1,0,1,0.18743132968808973,1,0,1
1,1,1,1,-1.039311601016267,1,0,1
0,1,1,1,-4.661106209914059,1,0,1
1,1,1,1,-0.4640754101973306,0,-9999,1
1,1,0,0,-0.0731619068858899,1,0,1
1,1,0,0,0.09903840483190278,1,0,1
0,0,0,0,-0.10474618213070266,0,-9999,1
0,1,0,0,-4.09835303679982,1,1,1
1,0,1,0,4.747560033017336,1,0,1
1,0,0,0,3.349698280361261,0,-9999,1
1,1,0,0,0.005411021814369552,0,-9999,1
1,0,1,1,5.05885081834302,1,0,1
1,0,1,1,3.286238628039224,1,0,1
0,0,0,1,-1.5521147415035454,1,0,1
1,1,1,0,0.9374917248535842,0,-9999,1
1,0,1,0,4.998656661913283,1,0,1
1,1,0,0,-0.48320855584559086,1,1,1
1,0,1,0,3.8468202977553263,0,-9999,1
1,1,0,1,1.261691780597572,0,-9999,1
1,1,0,0,-0.021806236902213838,1,0,1
0,0,0,0,-0.5739487867341029,1,0,1
1,1,0,1,0.14169076186150695,1,0,1
0,1,0,0,-1.7093731916073431,0,-9999,1
0,1,0,0,-2.8862471804619796,0,-9999,1
0,0,0,0,0.2436487798210115,1,0,1
1,0,1,1,3.1262632955323006,1,0,1
0,0,0,0,0.5649796711682059,0,-9999,1
0,1,0,0,-3.144654640881467,1,0,1
1,0,0,1,3.4849620651923563,0,-9999,1
0,0,0,0,-1.3589928549627068,0,-9999,1
0,0,1,1,0.4043897584019981,1,0,1
0,0,0,0,-0.5493803761664494,1,0,1
1,0,1,0,3.521346966768497,1,0,1
0,1,1,0,-4.069002634364691,1,1,1
0,1,1,0,-6.299566452963251,0,-9999,1
1,0,0,0,5.340187440808159,1,0,1
1,0,0,0,3.8816422224152323,1,0,1
1,1,0,0,0.587888169359936,0,-9999,1
1,0,1,0,5.712358691007381,1,0,1
0,0,1,0,-0.6500309635236433,1,0,1
0,1,1,0,-5.61269310733805,0,-9999,1
0,1,1,0,-2.0462448813955145,0,-9999,1
0,1,0,0,-3.1361456265013086,0,-9999,1
0,1,1,0,-2.5967801764474645,1,1,1
0,1,0,0,-4.5271155224816955,0,-9999,1
1,1,1,0,-0.4930741442526762,0,-9999,1
1,0,1,1,3.4324606913392732,0,-9999,1
0,1,1,0,-4.657514117966939,0,-9999,1
1,0,0,0,4.535670284911952,1,0,1
0,0,1,0,-0.6417860539914101,1,0,1
0,1,0,0,-4.340406217680064,0,-9999,1
1,0,1,1,4.138486903730615,0,-9999,1
1,1,0,1,2.0822718521303933,0,-9999,1
1,0,1,1,5.426617008542936,1,0,1
1,0,0,0,2.0662051527044465,1,0,1
1,0,1,0,3.6796527599140862,1,1,1
1,1,1,1,-0.38344276042257264,1,0,1
0,0,0,0,-0.9828364999604821,0,-9999,1
1,0,1,1,4.746017678246134,1,0,1
0,1,0,0,-3.5540056563731297,0,-9999,1
0,1,0,0,-2.5398046488694526,1,0,1
0,0,1,0,1.3669243149802917,1,0,1
1,1,0,0,1.474696900133473,1,0,1
0,1,1,0,-4.224888017633972,0,-9999,1
0,0,1,0,1.2317198172561452,1,1,1
1,1,1,1,0.7434410642261037,1,1,1
1,1,1,1,-1.3516239575039513,0,-9999,1
1,1,0,1,0.8461892585698427,1,0,1
1,1,0,0,0.5345138624484431,0,-9999,1
0,1,0,0,-5.272211774235316,0,-9999,1
0,1,0,0,-3.3576073408350195,0,-9999,1
0,0,0,0,-0.08831982995984161,0,-9999,1
0,1,0,0,-4.46433459983916,1,1,1
0,1,0,0,-4.741810940947066,0,-9999,1
1,0,0,0,3.9965380714818703,1,0,1
1,0,0,1,4.1469252894702935,1,0,1
0,1,1,0,-2.6794496890278774,1,1,1
1,1,1,0,0.6735827713846289,1,1,1
1,1,0,1,-0.4913765827321978,0,-9999,1
1,0,1,0,5.134327250493515,0,-9999,1
1,0,0,0,4.9048606030176805,0,-9999,1
1,0,0,0,5.014432317389668,1,0,1
1,0,1,1,4.869365158619221,1,0,1
1,0,1,0,4.076012012025039,1,0,1
0,1,1,0,-3.6274897442041443,1,0,1
0,1,1,0,-2.135048837297131,1,0,1
0,0,1,1,-0.4285938552207491,1,0,1
1,1,0,1,0.01662166932213323,0,-9999,1
1,1,0,1,-0.5570000253003282,0,-9999,1
1,1,0,0,0.36508600168927774,1,0,1
0,1,0,0,-2.986157071595187,0,-9999,1
1,1,1,0,-0.34545947376423025,1,0,1
1,1,1,1,-0.8148358865622536,1,0,1
1,1,1,1,-0.6993023766021912,1,0,1
1,1,1,1,-0.05647996361766853,0,-9999,1
1,0,1,1,5.037909455646635,1,0,1
0,0,1,0,-0.6784570577173085,1,0,1
0,1,0,0,-2.9216089729182375,0,-9999,1
0,1,1,0,-4.776809756383662,0,-9999,1
1,1,1,0,0.8044541315747006,1,1,1
1,0,0,0,5.409580072542057,1,0,1
0,1,1,0,-3.215215261906856,0,-9999,1
0,1,1,0,-5.500747178441688,0,-9999,1
1,0,0,0,3.631795280442595,1,0,1
1,1,0,0,-1.3440538206712667,1,0,1
0,0,0,0,1.1719937239435205,1,1,1
1,1,1,1,0.2826706533782014,1,0,1
0,0,1,0,-1.7397888485269082,1,0,1
0,1,0,0,-4.577163676459728,0,-9999,1
1,0,1,0,4.525246474752474,1,0,1
1,1,0,0,0.6177444827411618,1,0,1
1,0,0,0,3.0325215535096683,1,0,1
1,0,0,0,4.375790762665592,0,-9999,1
0,1,0,0,-1.6660196971554235,0,-9999,1
1,0,0,0,2.2486179955022014,1,0,1
1,1,0,0,1.019753483460543,0,-9999,1
1,1,1,1,0.11957834378911145,1,0,1
1,0,0,0,2.815781442230755,1,1,1
0,0,0,0,-0.28849237001822725,1,0,1
1,1,0,0,-0.1960099962502552,1,0,1
0,1,1,0,-3.4707681210319814,1,0,1
0,0,1,1,0.025543929784154908,0,-9999,1
1,1,0,0,-1.025700634142083,0,-9999,1
0,0,1,0,-0.19880854297585301,1,0,1
1,1,1,0,1.0693273881194774,0,-9999,1
0,0,1,0,-0.49233460744737345,0,-9999,1
1,1,1,1,2.3944651632063283,1,0,1
0,1,0,0,-3.683672819829451,1,0,1
1,1,1,0,-0.032402085306584186,0,-9999,1
1,0,1,0,4.127482952612939,1,1,1
0,0,0,0,0.12850890350189445,0,-9999,1
0,0,1,0,-0.6038489223206872,0,-9999,1
1,1,0,1,-0.5623406970967657,0,-9999,1
0,0,0,0,0.010327218876865368,1,0,1
1,0,0,0,3.357114633878438,1,0,1
1,0,0,0,4.973756273325284,1,0,1
1,0,1,0,4.213129073318987,1,0,1
1,0,0,1,4.676827162835256,1,0,1
1,0,0,0,5.411617113532425,1,0,1
0,0,0,0,-0.29552287115570747,0,-9999,1
1,0,0,0,4.769962460073217,1,0,1
1,0,1,0,4.326886064564047,0,-9999,1
1,1,0,0,1.2838385325997639,1,0,1
0,0,0,0,1.3384691786776395,0,-9999,1
1,1,1,1,-0.12420335212755794,1,0,1
1,0,1,0,4.586047512536347,0,-9999,1
0,0,0,0,-2.367134703044856,1,0,1
0,0,0,0,-1.0971855433417221,1,0,1
1,1,0,1,1.6898818962532605,0,-9999,1
1,1,1,1,0.31508812838534705,0,-9999,1
1,0,1,0,5.959860137147878,1,0,1
0,0,0,0,-2.1030712838696712,0,-9999,1
1,0,0,0,2.443792227160194,0,-9999,1
0,0,0,0,-0.2268472295450445,1,0,1
0,0,1,0,-0.5869612706482107,0,-9999,1
1,1,1,0,-0.18242680462040695,0,-9999,1
1,0,0,0,5.199039242977081,1,0,1
0,1,1,0,-4.137382975373932,1,1,1
1,0,0,1,4.84075068522412,1,0,1
1,0,1,1,3.4135182182499184,1,0,1
0,1,0,0,-3.208928071158629,1,0,1
1,1,1,0,1.4295206523355526,1,0,1
0,0,1,0,1.6301733290113114,0,-9999,1
0,1,0,0,-3.4940424092610862,0,-9999,1
0,0,0,0,-0.12959107824138313,1,1,1
1,1,1,0,0.01809841685782317,1,0,1
0,1,0,0,-3.9222340310835695,0,-9999,1
1,0,0,1,2.732557577035031,1,0,1
1,1,0,0,-0.10619455902450152,0,-9999,1
0,1,1,0,-2.688364502837378,0,-9999,1
0,1,0,0,-4.1096109812746935,1,0,1
1,0,1,0,4.530550877446567,1,0,1
1,0,0,0,3.660740965269103,1,0,1
0,0,0,0,-0.9496265825080431,1,0,1
0,0,1,0,0.33163417259957106,1,1,1
1,0,1,0,4.404771693284078,0,-9999,1
1,0,1,1,2.29701814055535,1,0,1
1,0,0,0,3.0874406028748442,1,0,1
0,1,0,0,-3.9457614936334546,0,-9999,1
0,0,0,0,-0.30657569618255953,1,0,1
1,1,0,0,-0.02377883513244261,1,1,1
0,1,1,0,-4.12079162861238,0,-9999,1
0,1,1,0,-4.380703714786855,0,-9999,1
0,1,1,0,-4.42093154278242,0,-9999,1
1,0,0,1,4.212114170715729,0,-9999,1
0,1,0,0,-4.370246079227169,0,-9999,1
0,0,0,0,1.8310698556465246,0,-9999,1
0,1,1,0,-3.14648253020876,1,1,1
1,1,1,1,0.04398266936334754,0,-9999,1
0,1,0,0,-4.080541230890489,0,-9999,1
1,0,0,0,5.760466855315895,1,0,1
0,0,1,0,-1.161874790658815,0,-9999,1
0,1,0,0,-2.6516795076153326,0,-9999,1
0,0,1,0,1.2530038229094513,0,-9999,1
0,0,1,0,2.300776467467013,1,0,1
0,1,1,0,-4.135086360273814,1,1,1
0,0,1,0,0.632035295416803,1,0,1
0,1,0,0,-4.635104642828674,0,-9999,1
0,1,0,0,-4.75040900187627,1,1,1
0,0,1,1,0.5014442992714953,0,-9999,1
0,1,0,0,-4.9859747675144375,0,-9999,1
1,0,1,0,2.9981910349057905,0,-9999,1
0,0,1,0,2.3790863392085675,1,0,1
0,0,0,0,0.22783261370913735,0,-9999,1
1,0,0,0,4.366958331482019,1,0,1
1,1,0,0,0.16699528844571476,1,0,1
1,0,0,0,3.2454173984175494,1,0,1
1,1,1,1,0.10180754593518268,0,-9999,1
1,1,1,1,0.16982742636533776,1,0,1
1,1,1,0,-0.2924994096205603,0,-9999,1
0,0,0,0,0.03598840605017692,1,0,1
0,1,1,0,-5.0588683700036405,1,1,1
1,1,0,0,-0.25702208893340245,1,0,1
1,0,1,1,4.78389479674121,1,0,1
0,1,0,0,-3.0816132816399433,0,-9999,1
0,1,1,0,-3.4931285017340747,1,0,1
0,1,0,0,-3.4888028449836708,1,0,1
0,0,0,0,-1.2616650124059094,1,0,1
1,1,0,0,-0.07733300820793798,0,-9999,1
1,1,0,0,-0.04374371449419783,1,0,1
0,0,0,0,-0.8667316718948649,0,-9999,1
0,0,1,0,-0.8127010781627959,0,-9999,1
0,1,1,0,-4.014260436415694,1,1,1
1,1,0,0,1.008672862222814,1,0,1
1,0,1,0,3.0712949097135587,1,0,1
0,1,1,0,-4.638056082538695,0,-9999,1
0,0,1,0,-0.6775703125734353,0,-9999,1
1,0,0,0,3.9339337230505884,1,0,1
1,0,0,0,2.793759073125295,1,0,1
0,1,1,0,-3.1372955677508565,1,0,1
0,0,0,0,0.46498600728296857,0,-9999,1
1,0,0,0,4.018268824448755,1,0,1
0,1,0,0,-2.301751540417163,0,-9999,1
1,0,0,0,3.4442921834566023,1,1,1
0,1,0,0,-4.116377187970562,0,-9999,1
1,0,0,0,3.996200225532133,0,-9999,1
1,1,1,0,1.555944169618778,0,-9999,1
1,0,1,0,3.7205284947596073,1,0,1
1,0,0,0,5.168995542400119,1,0,1
1,1,1,1,-0.06612911587828894,0,-9999,1
1,0,1,0,3.71551655845059,1,1,1
0,1,0,0,-4.06465168335461,1,0,1
0,0,1,0,1.327196435243699,0,-9999,1
1,0,0,0,4.185070416329644,1,0,1
0,1,1,0,-4.9894928524235755,1,1,1
0,0,0,0,-0.3769548234501932,1,0,1
1,0,1,0,4.65089835919323,1,0,1
1,1,1,1,0.10886344309672263,1,0,1
0,0,1,0,-0.4927084536252874,0,-9999,1
0,1,1,0,-3.6620201338540563,1,1,1
0,0,1,0,0.09060622367505101,0,-9999,1
1,1,1,1,2.350600463413848,1,0,1
0,1,1,0,-4.999498731903388,1,1,1
1,1,0,0,0.3224657629156843,0,-9999,1
0,1,1,0,-3.183589608727559,1,0,1
0,1,0,0,-4.731352318105319,0,-9999,1
0,0,1,0,-0.7695342420996033,0,-9999,1
0,0,0,1,-1.4584104754081615,0,-9999,1
1,1,0,1,0.9252818386528213,0,-9999,1
0,0,0,0,0.7029287107316639,1,1,1
0,1,0,0,-4.2128230932839985,1,1,1
0,1,0,0,-4.6800571695527955,0,-9999,1
0,0,0,1,-1.158975353051846,0,-9999,1
1,0,1,0,4.623896890157796,1,0,1
0,0,1,0,-0.06339787755141948,0,-9999,1
1,1,1,1,-1.4524784862715634,1,1,1
1,1,1,0,-0.034445338734338686,0,-9999,1
0,0,0,0,-0.4179191557741147,0,-9999,1
1,0,0,1,2.8602210947281477,0,-9999,1
0,0,0,0,-1.8373709913501988,1,1,1
0,1,0,0,-3.79713596824505,0,-9999,1
1,1,0,1,0.2842996996985023,1,0,1
0,0,0,0,0.03367395063622171,1,0,1
0,1,0,0,-3.3007245044116966,0,-9999,1
0,1,0,0,-4.444196328478299,0,-9999,1
1,1,0,0,1.5745604007460359,1,0,1
0,0,1,0,0.21939797590945007,0,-9999,1
1,1,0,0,-0.8585045207041874,1,0,1
1,0,0,0,3.057147402504559,1,0,1
1,1,0,0,0.023396376009762812,1,0,1
1,1,1,1,0.23024787442262054,1,0,1
0,0,1,0,-0.52666070701859,1,1,1
0,0,0,0,-1.449440831640701,0,-9999,1
1,1,1,0,-1.370407446078755,0,-9999,1
1,0,0,1,3.748911213908529,1,0,1
1,1,0,0,0.1419455922525568,1,1,1
0,0,0,0,0.854396116227492,1,0,1
0,1,1,0,-5.064659043247977,1,0,1
1,0,1,0,3.900136389298291,1,0,1
0,1,0,0,-4.004414568965727,0,-9999,1
0,1,1,0,-3.1500663853305046,0,-9999,1
1,1,0,1,0.01600588354690435,0,-9999,1
0,0,0,0,-0.8595533607548167,1,0,1
1,1,1,0,-0.36975818658932746,1,0,1
0,0,1,0,-0.07562666506731945,1,0,1
0,0,0,0,0.30530429262640796,0,-9999,1
1,0,1,0,4.376356945628202,1,0,1
1,0,0,0,2.0851079065749554,0,-9999,1
1,0,1,1,5.455721847186883,1,0,1
0,1,1,0,-4.054190527396611,0,-9999,1
1,1,0,0,-0.4097936849411645,1,1,1
1,1,0,1,-0.08178632915614621,0,-9999,1
1,0,0,1,4.24139681697863,1,0,1
1,0,1,0,3.1345056950947034,0,-9999,1
1,1,0,0,0.6088898536607191,0,-9999,1
0,1,1,1,-4.610166935832619,0,-9999,1
0,1,1,0,-3.2324625979107586,1,0,1
1,0,1,1,5.513484243426943,0,-9999,1
1,1,0,1,1.4816107465413184,1,0,1
0,0,1,0,-0.055028587836043585,1,0,1
0,1,1,1,-4.356508667557852,1,0,1
0,1,0,0,-2.613469409726174,1,1,1
0,1,0,0,-5.057390365936928,0,-9999,1
0,1,0,0,-1.533289128173807,0,-9999,1
1,0,0,0,3.796456798316399,1,0,1
1,0,1,0,3.797315916155617,1,0,1
0,0,0,0,0.8343959353008827,0,-9999,1
1,0,1,0,3.8587220832554174,1,0,1
0,0,1,1,0.13934918172317715,1,0,1
1,0,1,0,3.7173397379828064,1,0,1
1,1,0,0,-0.6545391327600271,1,0,1
1,1,1,0,0.5309307282828876,1,0,1
1,1,0,0,-0.4072227745089022,0,-9999,1
0,1,1,0,-2.85028709562928,0,-9999,1
1,1,0,0,1.1562713180269089,0,-9999,1
1,1,1,0,0.992752014711632,0,-9999,1
0,1,0,0,-2.5303801697351513,1,0,1
1,1,1,1,0.05320230928469497,1,0,1
1,1,0,1,0.377967700105318,1,0,1
0,0,1,0,-0.5745140617847426,1,0,1
1,1,0,1,0.8750909035646984,1,0,1
0,1,1,0,-3.945770848174062,0,-9999,1
0,1,0,0,-5.500713823514788,1,0,1
0,1,0,0,-4.266097837291732,1,1,1
1,0,0,0,5.338495921968163,1,0,1
0,1,0,0,-4.1815650992191555,0,-9999,1
0,0,0,0,-0.5839671040730408,1,1,1
0,0,0,0,-0.6245553078514678,0,-9999,1
0,0,0,0,-0.11218293701084905,0,-9999,1
1,1,0,0,-1.1606131980266416,0,-9999,1
1,1,0,0,0.6594609441006034,1,0,1
1,0,1,1,3.292985210386079,1,0,1
0,0,0,0,2.2412805770021316,1,1,1
1,1,0,1,0.13598219606116324,1,0,1
1,0,1,1,5.352657543492876,0,-9999,1
1,1,0,0,-0.5085754934547247,0,-9999,1
1,1,1,1,0.027431435370628497,0,-9999,1
1,0,1,0,3.039730560657454,1,1,1
1,1,0,0,-0.9819843074872971,1,0,1
1,1,0,0,-0.4017662364655953,1,1,1
0,1,1,1,-4.631274696910797,1,0,1
0,0,1,0,-1.5323856718227211,0,-9999,1
